RootCause,Ocorrencias_anteriores,Tempo_medio_resolucao,Desvio_padrao,Prioridade_resolucao
Causa_1,52,3.16,0.74,Média
Causa_2,49,3.43,0.99,Alta
Causa_3,53,3.1,1.01,Média
Causa_4,57,3.35,1.14,Alta
Causa_5,48,2.55,0.59,Baixa
Causa_6,48,3.61,1.18,Média
Causa_7,57,3.5,0.19,Alta
Causa_8,53,3.09,0.81,Média
Causa_9,47,3.83,0.85,Média
Causa_10,52,3.97,1.19,Média
Causa_11,47,2.7,1.01,Baixa
Causa_12,47,3.12,0.58,Média
Causa_13,51,3.12,0.7,Baixa
Causa_14,40,3.03,1.06,Média
Causa_15,41,3.91,0.98,Alta
Causa_16,47,3.4,0.83,Média
Causa_17,44,3.37,0.86,Média
Causa_18,51,2.5,1.21,Média
Causa_19,45,3.82,0.84,Baixa
Causa_20,42,2.88,0.97,Média
Causa_21,57,3.53,1.65,Baixa
Causa_22,48,3.64,0.57,Média
Causa_23,50,4.18,0.44,Média
Causa_24,42,2.85,1.24,Média
Causa_25,47,1.99,0.8,Média
Causa_26,50,3.59,0.9,Baixa
Causa_27,44,4.4,0.77,Média
Causa_28,51,4.12,0.92,Alta
Causa_29,46,3.6,1.48,Média
Causa_30,48,3.25,1.24,Média
Causa_31,46,3.9,1.26,Alta
Causa_32,59,3.01,0.58,Alta
Causa_33,49,3.74,0.65,Média
Causa_34,44,3.75,0.15,Média
Causa_35,54,4.03,0.76,Média
Causa_36,43,4.88,1.29,Alta
Causa_37,51,3.7,1.16,Alta
Causa_38,40,3.25,0.93,Média
Causa_39,43,3.49,0.99,Média
Causa_40,50,2.62,0.79,Alta
Causa_41,53,3.15,1.06,Média
Causa_42,50,3.3,1.23,Média
Causa_43,49,3.24,0.52,Alta
Causa_44,48,3.58,1.09,Alta
Causa_45,42,3.09,1.28,Alta
Causa_46,46,4.06,0.88,Baixa
Causa_47,47,3.5,1.21,Média
Causa_48,55,3.5,1.84,Média
Causa_49,51,3.34,0.97,Média
Causa_50,41,3.58,1.12,Média
Causa_51,51,3.91,0.78,Média
Causa_52,48,3.07,1.05,Média
Causa_53,46,3.17,1.14,Alta
Causa_54,53,3.35,1.06,Média
Causa_55,55,2.83,0.69,Média
Causa_56,54,3.09,1.06,Média
Causa_57,45,3.26,1.44,Média
Causa_58,48,3.94,1.13,Alta
Causa_59,51,3.63,1.29,Média
Causa_60,54,3.6,0.93,Média
Causa_61,47,3.93,1.22,Baixa
Causa_62,49,3.43,1.08,Média
Causa_63,44,3.7,0.71,Média
Causa_64,44,3.45,1.1,Média
Causa_65,54,3.63,0.7,Baixa
Causa_66,56,3.21,0.81,Média
Causa_67,49,2.28,1.06,Média
Causa_68,55,3.43,1.09,Média
Causa_69,51,4.21,0.64,Média
Causa_70,46,3.96,1.32,Baixa
Causa_71,51,3.98,1.17,Alta
Causa_72,57,4.12,0.79,Alta
Causa_73,49,3.54,0.54,Baixa
Causa_74,57,3.6,0.96,Média
Causa_75,36,3.19,0.87,Média
Causa_76,54,3.34,1.03,Média
Causa_77,50,3.81,0.89,Alta
Causa_78,48,4.1,0.4,Média
Causa_79,50,3.43,0.88,Média
Causa_80,40,3.27,0.91,Média
Causa_81,48,3.5,1.19,Média
Causa_82,51,3.8,0.79,Baixa
Causa_83,57,2.78,1.5,Alta
Causa_84,47,2.35,0.43,Baixa
Causa_85,45,3.22,1.39,Alta
Causa_86,47,2.89,0.93,Média
Causa_87,54,3.25,1.26,Baixa
Causa_88,51,3.43,1.02,Média
Causa_89,47,3.27,1.34,Média
Causa_90,52,4.23,0.88,Média
Causa_91,50,3.66,0.67,Média
Causa_92,54,3.65,1.43,Alta
Causa_93,46,3.81,0.97,Baixa
Causa_94,48,2.93,1.07,Média
Causa_95,48,4.02,1.37,Média
Causa_96,42,3.46,0.69,Média
Causa_97,51,3.84,1.18,Alta
Causa_98,51,2.96,0.82,Alta
Causa_99,50,2.72,0.96,Média
Causa_100,48,3.91,1.02,Média
Causa_101,42,3.69,0.55,Média
Causa_102,47,3.05,0.77,Baixa
Causa_103,48,3.07,1.41,Alta
Causa_104,45,4.06,1.27,Média
Causa_105,49,2.91,0.98,Alta
Causa_106,52,4.32,1.07,Média
Causa_107,59,3.05,0.91,Alta
Causa_108,50,3.82,1.41,Baixa
Causa_109,51,3.34,0.94,Alta
Causa_110,49,3.8,1.07,Baixa
Causa_111,40,3.23,1.34,Média
Causa_112,49,3.42,0.77,Baixa
Causa_113,50,3.52,1.47,Média
Causa_114,62,3.0,0.54,Baixa
Causa_115,49,3.87,1.49,Alta
Causa_116,51,3.24,0.89,Média
Causa_117,49,3.39,0.93,Baixa
Causa_118,44,3.0,0.43,Alta
Causa_119,55,2.22,0.86,Alta
Causa_120,53,3.4,0.69,Média
Causa_121,53,4.71,0.82,Baixa
Causa_122,45,3.89,0.96,Média
Causa_123,57,3.49,1.29,Média
Causa_124,42,3.37,1.06,Alta
Causa_125,52,3.51,1.09,Alta
Causa_126,60,3.77,0.67,Baixa
Causa_127,45,2.91,0.74,Alta
Causa_128,47,4.06,1.54,Média
Causa_129,50,3.86,0.78,Baixa
Causa_130,47,3.86,1.5,Alta
Causa_131,42,3.72,0.93,Média
Causa_132,50,3.51,1.0,Alta
Causa_133,44,3.84,1.32,Média
Causa_134,52,3.8,1.38,Alta
Causa_135,45,3.32,0.97,Média
Causa_136,57,3.21,0.88,Média
Causa_137,46,3.55,0.98,Média
Causa_138,48,4.27,1.1,Média
Causa_139,54,2.88,1.27,Alta
Causa_140,43,2.77,1.0,Média
Causa_141,51,3.58,1.19,Média
Causa_142,56,3.53,1.49,Média
Causa_143,41,3.59,1.11,Alta
Causa_144,50,3.62,1.09,Média
Causa_145,51,3.39,0.54,Alta
Causa_146,53,4.24,0.21,Média
Causa_147,43,2.7,1.12,Alta
Causa_148,43,3.09,0.97,Média
Causa_149,52,3.45,0.85,Alta
Causa_150,51,2.68,1.07,Baixa
Causa_151,51,3.41,0.98,Baixa
Causa_152,51,4.33,1.34,Alta
Causa_153,46,3.51,1.03,Média
Causa_154,51,3.62,0.78,Alta
Causa_155,51,2.87,1.3,Média
Causa_156,46,3.19,0.93,Média
Causa_157,59,3.31,1.16,Média
Causa_158,52,3.34,0.86,Média
Causa_159,44,4.14,0.81,Alta
Causa_160,53,3.78,1.03,Média
Causa_161,45,2.94,1.0,Alta
Causa_162,53,3.62,1.14,Média
Causa_163,55,3.75,0.92,Média
Causa_164,45,4.07,0.45,Média
Causa_165,54,4.29,0.87,Alta
Causa_166,52,2.99,1.24,Média
Causa_167,54,3.09,0.91,Média
Causa_168,59,2.87,0.93,Alta
Causa_169,48,3.38,1.3,Média
Causa_170,46,3.73,0.79,Baixa
Causa_171,45,3.99,0.54,Baixa
Causa_172,45,3.46,0.95,Média
Causa_173,49,3.34,0.85,Média
Causa_174,51,3.58,0.71,Alta
Causa_175,51,3.08,0.95,Baixa
Causa_176,54,4.54,1.15,Alta
Causa_177,50,2.7,1.0,Baixa
Causa_178,57,3.59,1.09,Média
Causa_179,48,4.51,1.54,Média
Causa_180,63,3.5,0.9,Baixa
Causa_181,53,3.4,1.08,Alta
Causa_182,45,3.32,0.85,Média
Causa_183,44,3.41,0.75,Média
Causa_184,52,4.19,0.82,Alta
Causa_185,48,2.39,0.86,Média
Causa_186,53,4.27,1.11,Média
Causa_187,52,2.79,1.7,Média
Causa_188,49,3.37,0.79,Alta
Causa_189,45,3.29,0.88,Baixa
Causa_190,42,3.79,0.98,Alta
Causa_191,47,2.7,1.12,Alta
Causa_192,54,3.73,1.08,Alta
Causa_193,51,4.51,1.39,Alta
Causa_194,43,2.82,0.27,Alta
Causa_195,50,3.59,0.28,Baixa
Causa_196,51,3.17,0.85,Média
Causa_197,45,3.71,1.33,Alta
Causa_198,50,3.51,0.53,Alta
Causa_199,50,3.18,0.1,Média
Causa_200,44,3.74,1.17,Baixa
Causa_201,51,4.4,1.07,Alta
Causa_202,52,3.4,0.67,Alta
Causa_203,55,3.86,0.7,Alta
Causa_204,55,2.85,0.71,Alta
Causa_205,43,3.02,1.03,Alta
Causa_206,45,3.74,0.81,Média
Causa_207,52,4.24,1.15,Alta
Causa_208,52,3.68,0.14,Média
Causa_209,52,3.34,0.74,Alta
Causa_210,69,3.5,0.66,Baixa
Causa_211,52,2.87,0.92,Baixa
Causa_212,55,3.8,0.84,Média
Causa_213,54,3.94,1.24,Média
Causa_214,53,3.27,0.44,Média
Causa_215,48,3.26,1.01,Média
Causa_216,53,3.63,1.17,Média
Causa_217,46,3.28,1.56,Média
Causa_218,48,3.47,0.86,Baixa
Causa_219,47,4.55,1.1,Baixa
Causa_220,50,3.38,0.46,Média
Causa_221,61,3.32,0.28,Média
Causa_222,40,3.18,1.25,Alta
Causa_223,53,3.87,1.0,Alta
Causa_224,41,3.41,1.35,Média
Causa_225,47,3.18,0.59,Alta
Causa_226,55,4.16,1.16,Baixa
Causa_227,50,4.21,1.56,Alta
Causa_228,44,3.2,1.13,Média
Causa_229,46,2.57,1.08,Média
Causa_230,53,4.0,1.0,Média
Causa_231,46,3.16,0.53,Média
Causa_232,51,3.9,1.41,Baixa
Causa_233,50,2.51,0.82,Média
Causa_234,46,3.95,1.15,Média
Causa_235,60,2.89,0.53,Alta
Causa_236,53,3.87,0.65,Média
Causa_237,39,3.51,1.43,Baixa
Causa_238,50,3.02,0.9,Média
Causa_239,46,3.3,1.44,Baixa
Causa_240,54,3.84,0.98,Média
Causa_241,46,3.55,0.45,Alta
Causa_242,49,3.79,1.27,Alta
Causa_243,52,4.49,0.82,Média
Causa_244,54,2.72,1.21,Média
Causa_245,43,4.31,1.01,Média
Causa_246,48,3.55,0.54,Alta
Causa_247,47,3.05,1.05,Média
Causa_248,46,2.83,1.66,Média
Causa_249,58,3.41,1.15,Média
Causa_250,52,3.96,0.98,Alta
Causa_251,43,3.44,1.32,Alta
Causa_252,54,4.26,1.06,Alta
Causa_253,60,2.77,1.06,Alta
Causa_254,55,3.49,0.67,Alta
Causa_255,42,2.87,1.07,Alta
Causa_256,47,3.68,1.31,Média
Causa_257,56,3.94,0.75,Média
Causa_258,46,3.29,1.43,Baixa
Causa_259,52,2.2,0.97,Alta
Causa_260,53,3.6,0.73,Média
Causa_261,45,3.72,1.3,Média
Causa_262,49,3.7,0.91,Alta
Causa_263,33,4.12,1.23,Baixa
Causa_264,44,2.96,0.91,Alta
Causa_265,48,3.84,0.98,Baixa
Causa_266,43,4.1,1.15,Baixa
Causa_267,58,2.61,1.09,Média
Causa_268,42,3.66,0.4,Média
Causa_269,47,3.25,0.66,Média
Causa_270,50,3.46,1.28,Média
Causa_271,57,3.67,0.96,Média
Causa_272,42,3.26,0.84,Alta
Causa_273,55,3.16,0.59,Alta
Causa_274,50,3.52,0.68,Média
Causa_275,45,2.96,0.39,Média
Causa_276,52,2.96,0.97,Baixa
Causa_277,50,3.84,0.82,Alta
Causa_278,46,2.93,0.71,Baixa
Causa_279,50,3.83,0.98,Alta
Causa_280,48,3.73,1.11,Média
Causa_281,50,2.64,1.63,Média
Causa_282,53,3.16,0.55,Média
Causa_283,57,4.1,1.35,Alta
Causa_284,43,3.01,1.29,Média
Causa_285,60,3.27,0.77,Baixa
Causa_286,40,3.73,1.06,Média
Causa_287,49,3.89,0.86,Média
Causa_288,52,3.37,1.06,Baixa
Causa_289,51,3.2,1.45,Média
Causa_290,46,4.21,1.18,Média
Causa_291,48,4.37,1.15,Alta
Causa_292,47,3.99,0.87,Baixa
Causa_293,47,3.54,0.55,Média
Causa_294,54,3.1,0.94,Alta
Causa_295,51,3.08,1.36,Alta
Causa_296,46,3.76,0.54,Baixa
Causa_297,54,3.71,0.68,Alta
Causa_298,51,4.2,1.04,Baixa
Causa_299,54,3.83,0.7,Alta
Causa_300,53,2.75,0.76,Média
Causa_301,45,4.03,0.87,Média
Causa_302,47,3.0,0.59,Média
Causa_303,53,3.31,0.71,Baixa
Causa_304,53,3.63,1.21,Média
Causa_305,49,4.5,0.61,Média
Causa_306,50,5.05,0.52,Alta
Causa_307,56,3.8,0.81,Alta
Causa_308,47,3.41,1.22,Alta
Causa_309,52,3.77,0.94,Média
Causa_310,48,3.94,0.86,Alta
Causa_311,48,3.34,1.01,Alta
Causa_312,55,4.4,0.48,Média
Causa_313,54,3.62,1.15,Média
Causa_314,54,3.75,1.12,Média
Causa_315,56,3.83,0.88,Alta
Causa_316,50,3.71,1.3,Alta
Causa_317,53,3.92,0.66,Baixa
Causa_318,48,3.19,1.34,Alta
Causa_319,51,3.22,1.05,Baixa
Causa_320,49,2.95,0.9,Baixa
Causa_321,50,3.72,0.99,Média
Causa_322,52,3.89,0.97,Alta
Causa_323,45,3.73,1.37,Baixa
Causa_324,60,4.34,0.68,Média
Causa_325,44,3.5,0.77,Média
Causa_326,43,3.83,1.31,Média
Causa_327,55,2.95,0.82,Alta
Causa_328,53,3.31,1.27,Alta
Causa_329,53,3.85,1.51,Média
Causa_330,53,3.92,0.88,Média
Causa_331,49,3.35,1.2,Média
Causa_332,45,3.46,0.65,Média
Causa_333,50,2.74,1.23,Média
Causa_334,46,3.32,1.06,Média
Causa_335,54,3.95,1.14,Baixa
Causa_336,49,3.79,0.81,Alta
Causa_337,45,3.75,0.5,Média
Causa_338,48,3.52,1.15,Alta
Causa_339,52,3.5,0.38,Média
Causa_340,47,3.17,0.9,Média
Causa_341,45,3.85,1.28,Baixa
Causa_342,51,3.71,1.06,Alta
Causa_343,51,3.75,1.58,Baixa
Causa_344,47,3.24,1.31,Alta
Causa_345,47,2.42,0.8,Média
Causa_346,51,4.05,1.01,Alta
Causa_347,42,3.26,0.99,Baixa
Causa_348,42,3.07,0.53,Média
Causa_349,46,3.85,0.72,Média
Causa_350,48,3.3,0.83,Baixa
Causa_351,51,4.03,0.39,Alta
Causa_352,57,3.81,1.01,Alta
Causa_353,54,3.84,0.93,Baixa
Causa_354,49,2.82,0.5,Média
Causa_355,49,4.11,1.12,Alta
Causa_356,44,3.63,1.21,Média
Causa_357,49,3.32,1.07,Média
Causa_358,48,3.57,0.9,Alta
Causa_359,51,2.61,1.18,Alta
Causa_360,45,3.7,1.2,Alta
Causa_361,52,2.99,1.09,Média
Causa_362,57,2.82,0.75,Baixa
Causa_363,49,2.74,1.08,Baixa
Causa_364,52,4.06,1.36,Média
Causa_365,53,3.19,0.82,Alta
Causa_366,47,4.27,1.63,Baixa
Causa_367,51,3.23,0.84,Média
Causa_368,50,2.65,1.01,Alta
Causa_369,50,2.94,0.8,Baixa
Causa_370,46,4.12,1.07,Média
Causa_371,50,3.42,0.48,Média
Causa_372,52,3.23,0.84,Média
Causa_373,57,3.58,0.67,Alta
Causa_374,54,3.75,1.04,Alta
Causa_375,60,4.06,1.3,Média
Causa_376,46,4.22,1.19,Alta
Causa_377,54,3.32,0.29,Média
Causa_378,50,2.84,1.61,Média
Causa_379,60,3.29,1.09,Média
Causa_380,45,3.63,0.77,Média
Causa_381,45,3.02,1.05,Média
Causa_382,47,3.02,1.05,Baixa
Causa_383,39,3.67,0.8,Média
Causa_384,47,3.48,1.06,Alta
Causa_385,46,3.52,0.82,Alta
Causa_386,50,3.12,0.88,Média
Causa_387,51,3.38,0.79,Alta
Causa_388,59,3.04,0.57,Alta
Causa_389,54,3.95,1.04,Alta
Causa_390,47,4.02,1.18,Média
Causa_391,45,2.58,1.15,Baixa
Causa_392,52,3.04,1.25,Alta
Causa_393,43,2.75,1.1,Média
Causa_394,59,3.17,0.84,Média
Causa_395,55,3.46,1.25,Alta
Causa_396,47,2.78,0.59,Baixa
Causa_397,41,3.04,0.73,Média
Causa_398,56,3.0,0.71,Média
Causa_399,49,3.6,1.32,Média
Causa_400,56,3.53,1.28,Alta
Causa_401,42,3.14,1.15,Média
Causa_402,47,3.59,1.32,Alta
Causa_403,50,3.23,0.74,Baixa
Causa_404,50,3.36,1.1,Média
Causa_405,47,4.34,0.96,Média
Causa_406,53,4.17,1.25,Alta
Causa_407,44,2.85,0.97,Média
Causa_408,49,3.91,0.88,Média
Causa_409,50,3.91,1.16,Média
Causa_410,52,2.93,1.26,Média
Causa_411,53,3.91,0.8,Média
Causa_412,44,4.27,0.98,Baixa
Causa_413,42,2.94,0.68,Média
Causa_414,56,3.04,0.25,Baixa
Causa_415,51,4.01,1.06,Baixa
Causa_416,46,3.64,1.18,Média
Causa_417,57,3.78,1.08,Alta
Causa_418,50,3.67,0.42,Média
Causa_419,55,3.7,0.89,Baixa
Causa_420,50,2.84,0.33,Alta
Causa_421,60,4.02,1.41,Média
Causa_422,58,4.08,0.67,Baixa
Causa_423,48,3.39,1.38,Média
Causa_424,54,3.48,1.28,Média
Causa_425,53,2.73,0.73,Alta
Causa_426,56,3.76,0.66,Alta
Causa_427,45,3.79,1.11,Média
Causa_428,53,3.47,0.75,Alta
Causa_429,55,4.06,1.03,Alta
Causa_430,41,3.33,0.86,Baixa
Causa_431,44,3.78,0.47,Média
Causa_432,39,2.99,0.33,Baixa
Causa_433,48,3.49,1.07,Baixa
Causa_434,53,3.41,0.83,Alta
Causa_435,57,3.61,0.83,Alta
Causa_436,50,3.32,1.21,Média
Causa_437,58,3.43,1.35,Média
Causa_438,43,3.91,0.92,Alta
Causa_439,41,3.28,0.9,Média
Causa_440,49,2.7,1.15,Alta
Causa_441,51,4.37,0.59,Baixa
Causa_442,49,4.19,1.07,Alta
Causa_443,39,2.85,1.17,Alta
Causa_444,49,3.84,1.2,Alta
Causa_445,43,3.25,0.42,Baixa
Causa_446,53,3.63,0.77,Média
Causa_447,51,3.65,0.74,Baixa
Causa_448,45,3.38,1.03,Média
Causa_449,47,3.11,1.14,Média
Causa_450,44,3.15,1.45,Alta
Causa_451,49,3.04,0.85,Média
Causa_452,54,3.08,0.85,Média
Causa_453,45,3.47,1.34,Média
Causa_454,52,3.14,1.09,Alta
Causa_455,47,3.84,1.38,Baixa
Causa_456,46,4.24,1.09,Alta
Causa_457,49,3.21,0.65,Baixa
Causa_458,44,3.62,0.6,Alta
Causa_459,47,3.75,0.53,Média
Causa_460,44,3.74,1.2,Média
Causa_461,59,3.54,1.36,Média
Causa_462,50,3.87,1.55,Média
Causa_463,46,3.74,1.25,Média
Causa_464,51,2.88,1.35,Média
Causa_465,49,3.93,0.83,Média
Causa_466,48,3.94,0.65,Média
Causa_467,53,3.12,1.26,Baixa
Causa_468,53,3.52,1.13,Alta
Causa_469,47,3.84,1.03,Média
Causa_470,47,3.4,1.12,Média
Causa_471,48,4.04,1.1,Média
Causa_472,38,4.68,1.39,Média
Causa_473,42,3.11,1.39,Média
Causa_474,56,2.81,1.16,Alta
Causa_475,58,3.65,1.25,Alta
Causa_476,48,3.86,1.15,Alta
Causa_477,52,3.38,0.86,Média
Causa_478,51,4.23,1.23,Média
Causa_479,65,2.83,0.58,Baixa
Causa_480,55,3.85,1.32,Média
Causa_481,49,3.2,0.64,Alta
Causa_482,45,4.36,1.09,Baixa
Causa_483,41,4.5,0.75,Baixa
Causa_484,51,3.12,1.17,Média
Causa_485,46,3.23,0.99,Média
Causa_486,42,3.93,0.52,Baixa
Causa_487,46,3.31,1.13,Média
Causa_488,44,3.48,0.83,Baixa
Causa_489,58,3.51,1.26,Alta
Causa_490,54,2.54,1.0,Alta
Causa_491,49,3.49,1.12,Média
Causa_492,57,3.16,0.71,Média
Causa_493,50,3.25,0.82,Baixa
Causa_494,45,4.22,0.86,Baixa
Causa_495,57,2.87,1.26,Média
Causa_496,52,3.91,1.5,Alta
Causa_497,44,3.36,0.76,Baixa
Causa_498,49,3.36,1.32,Média
Causa_499,45,3.9,0.35,Alta
Causa_500,43,3.67,0.64,Média
Causa_501,54,3.79,0.71,Média
Causa_502,59,3.98,0.59,Média
Causa_503,43,3.33,0.52,Média
Causa_504,52,3.19,1.12,Média
Causa_505,46,2.96,0.94,Baixa
Causa_506,47,3.09,1.11,Média
Causa_507,47,4.97,1.21,Média
Causa_508,45,4.12,1.08,Alta
Causa_509,50,2.82,1.2,Média
Causa_510,45,2.84,0.98,Alta
Causa_511,51,3.74,0.64,Alta
Causa_512,49,3.77,1.32,Média
Causa_513,48,3.77,0.82,Alta
Causa_514,45,3.37,0.72,Média
Causa_515,47,3.44,0.95,Alta
Causa_516,53,3.66,0.73,Média
Causa_517,52,3.54,0.87,Alta
Causa_518,45,2.39,1.1,Alta
Causa_519,50,3.39,1.1,Alta
Causa_520,53,3.07,0.73,Baixa
Causa_521,41,3.59,0.85,Baixa
Causa_522,52,4.99,1.32,Alta
Causa_523,46,3.68,1.15,Média
Causa_524,52,3.34,1.62,Média
Causa_525,46,3.96,1.35,Baixa
Causa_526,40,3.74,1.34,Média
Causa_527,41,3.71,0.58,Média
Causa_528,50,3.8,1.23,Alta
Causa_529,51,4.53,0.98,Média
Causa_530,45,2.93,0.83,Baixa
Causa_531,53,3.74,1.05,Média
Causa_532,41,3.04,1.28,Alta
Causa_533,49,3.78,1.15,Alta
Causa_534,43,3.04,0.74,Média
Causa_535,46,3.29,1.22,Média
Causa_536,50,3.35,0.81,Média
Causa_537,45,3.99,1.07,Baixa
Causa_538,48,3.96,0.91,Alta
Causa_539,55,2.88,0.93,Média
Causa_540,47,3.53,1.23,Baixa
Causa_541,54,3.15,0.69,Média
Causa_542,44,2.87,1.58,Alta
Causa_543,52,3.39,0.45,Média
Causa_544,57,3.35,0.82,Baixa
Causa_545,37,4.71,1.11,Alta
Causa_546,46,3.72,1.18,Baixa
Causa_547,52,2.81,0.97,Média
Causa_548,48,3.22,0.98,Alta
Causa_549,51,4.01,1.12,Média
Causa_550,46,4.54,0.93,Média
Causa_551,50,2.71,1.42,Média
Causa_552,49,2.56,1.25,Média
Causa_553,55,4.44,1.26,Baixa
Causa_554,51,3.69,0.71,Alta
Causa_555,51,3.07,0.98,Média
Causa_556,47,3.77,0.91,Média
Causa_557,47,2.18,0.7,Média
Causa_558,47,3.5,1.11,Média
Causa_559,51,3.66,0.84,Alta
Causa_560,47,3.96,1.2,Média
Causa_561,51,2.99,0.68,Média
Causa_562,60,3.54,1.52,Alta
Causa_563,54,3.04,0.73,Baixa
Causa_564,48,3.63,1.07,Baixa
Causa_565,56,3.05,1.24,Média
Causa_566,47,3.3,0.83,Alta
Causa_567,39,3.0,1.26,Média
Causa_568,44,3.83,0.63,Alta
Causa_569,40,3.93,1.44,Alta
Causa_570,48,3.38,1.0,Média
Causa_571,50,3.52,0.82,Alta
Causa_572,58,2.78,0.91,Alta
Causa_573,51,3.35,1.24,Alta
Causa_574,48,3.47,0.82,Alta
Causa_575,54,4.81,0.78,Alta
Causa_576,38,2.94,0.93,Baixa
Causa_577,51,4.23,0.65,Alta
Causa_578,53,4.0,1.55,Alta
Causa_579,42,3.64,0.83,Alta
Causa_580,55,4.38,1.25,Baixa
Causa_581,51,3.69,1.06,Média
Causa_582,47,3.69,0.7,Média
Causa_583,53,3.47,1.0,Baixa
Causa_584,61,4.11,1.24,Média
Causa_585,50,4.05,0.94,Média
Causa_586,51,3.19,1.36,Alta
Causa_587,47,2.84,1.31,Média
Causa_588,45,3.4,1.28,Média
Causa_589,54,3.1,0.86,Média
Causa_590,45,3.47,0.68,Alta
Causa_591,50,4.12,0.82,Média
Causa_592,47,3.27,1.06,Alta
Causa_593,52,3.48,1.16,Alta
Causa_594,51,3.53,0.35,Média
Causa_595,55,3.92,1.0,Baixa
Causa_596,47,2.38,1.05,Média
Causa_597,48,3.2,0.92,Média
Causa_598,45,3.61,1.39,Alta
Causa_599,47,4.1,1.13,Alta
Causa_600,51,3.25,1.39,Alta
Causa_601,53,2.56,0.94,Média
Causa_602,45,3.81,1.28,Alta
Causa_603,54,3.18,1.49,Alta
Causa_604,56,2.91,1.39,Média
Causa_605,52,3.19,0.67,Alta
Causa_606,59,3.41,0.92,Média
Causa_607,46,3.2,0.9,Média
Causa_608,43,2.4,1.15,Média
Causa_609,41,3.95,1.21,Média
Causa_610,57,4.14,0.75,Média
Causa_611,53,3.83,1.02,Alta
Causa_612,49,2.93,0.39,Média
Causa_613,51,3.4,1.43,Baixa
Causa_614,44,3.5,0.85,Alta
Causa_615,62,3.8,1.02,Alta
Causa_616,50,3.83,0.91,Baixa
Causa_617,50,3.13,1.34,Média
Causa_618,53,3.54,0.15,Média
Causa_619,52,3.73,1.0,Média
Causa_620,51,4.23,0.97,Alta
Causa_621,46,3.85,0.86,Média
Causa_622,52,3.89,1.52,Média
Causa_623,59,3.54,0.73,Alta
Causa_624,56,4.21,1.23,Média
Causa_625,57,3.7,1.11,Média
Causa_626,47,3.07,1.38,Média
Causa_627,45,4.2,0.8,Alta
Causa_628,49,3.85,0.78,Média
Causa_629,50,3.28,1.33,Média
Causa_630,55,3.26,1.13,Média
Causa_631,41,3.65,0.54,Média
Causa_632,57,3.73,0.84,Alta
Causa_633,49,3.6,1.12,Média
Causa_634,47,3.66,1.25,Média
Causa_635,44,4.35,0.8,Alta
Causa_636,41,4.04,0.13,Média
Causa_637,54,3.6,1.16,Média
Causa_638,50,3.97,0.63,Média
Causa_639,43,2.98,0.39,Alta
Causa_640,43,3.7,0.15,Média
Causa_641,48,4.4,1.24,Baixa
Causa_642,58,3.39,1.04,Média
Causa_643,48,3.08,0.93,Baixa
Causa_644,42,3.17,1.42,Baixa
Causa_645,48,2.96,1.19,Alta
Causa_646,48,3.11,1.48,Média
Causa_647,36,3.31,0.58,Média
Causa_648,49,2.8,0.99,Baixa
Causa_649,48,3.51,0.51,Alta
Causa_650,53,3.95,0.93,Baixa
Causa_651,59,3.05,0.93,Média
Causa_652,55,4.26,1.19,Média
Causa_653,48,3.76,1.01,Alta
Causa_654,44,4.02,1.19,Alta
Causa_655,62,3.17,1.21,Média
Causa_656,50,3.93,1.65,Alta
Causa_657,50,2.95,0.91,Baixa
Causa_658,49,3.95,0.72,Alta
Causa_659,50,3.59,1.07,Média
Causa_660,49,3.78,0.76,Média
Causa_661,47,2.91,1.44,Média
Causa_662,47,3.05,0.92,Média
Causa_663,49,3.8,0.83,Média
Causa_664,47,3.03,0.86,Alta
Causa_665,46,3.73,1.22,Alta
Causa_666,50,2.82,0.95,Média
Causa_667,48,3.92,0.81,Média
Causa_668,57,2.88,1.5,Média
Causa_669,36,3.78,0.74,Média
Causa_670,55,3.81,1.01,Média
Causa_671,56,3.15,1.2,Média
Causa_672,39,3.79,0.51,Alta
Causa_673,48,3.63,1.14,Média
Causa_674,48,3.23,0.68,Baixa
Causa_675,42,3.0,1.25,Baixa
Causa_676,46,2.52,0.71,Média
Causa_677,44,3.67,1.21,Média
Causa_678,58,2.72,1.33,Baixa
Causa_679,54,3.55,1.26,Média
Causa_680,56,3.37,1.08,Alta
Causa_681,53,3.84,0.93,Alta
Causa_682,44,3.35,0.83,Média
Causa_683,47,3.34,1.44,Baixa
Causa_684,52,3.87,0.79,Média
Causa_685,43,3.67,0.69,Alta
Causa_686,53,3.66,1.2,Alta
Causa_687,48,3.73,0.76,Média
Causa_688,48,2.73,0.71,Baixa
Causa_689,53,3.88,0.57,Média
Causa_690,52,3.81,0.86,Média
Causa_691,48,2.99,0.98,Alta
Causa_692,55,3.38,1.07,Baixa
Causa_693,44,3.48,1.29,Média
Causa_694,53,3.43,1.16,Alta
Causa_695,52,3.67,0.94,Média
Causa_696,48,4.22,0.94,Alta
Causa_697,51,4.04,1.15,Alta
Causa_698,43,2.84,1.38,Alta
Causa_699,54,3.81,1.04,Alta
Causa_700,49,4.16,0.86,Média
Causa_701,47,3.69,0.7,Média
Causa_702,55,4.05,0.57,Média
Causa_703,46,4.51,1.2,Média
Causa_704,42,4.01,1.17,Alta
Causa_705,42,3.62,1.17,Alta
Causa_706,53,4.02,0.96,Média
Causa_707,43,3.57,1.42,Média
Causa_708,58,3.51,0.85,Alta
Causa_709,39,3.32,1.29,Baixa
Causa_710,58,4.28,0.99,Média
Causa_711,51,3.09,0.82,Baixa
Causa_712,49,4.27,1.18,Média
Causa_713,47,3.75,1.12,Alta
Causa_714,51,2.8,1.11,Média
Causa_715,49,3.68,1.02,Alta
Causa_716,55,2.45,0.99,Média
Causa_717,50,3.81,1.72,Alta
Causa_718,50,3.94,1.36,Baixa
Causa_719,48,3.2,1.22,Alta
Causa_720,49,3.56,1.03,Baixa
Causa_721,51,4.48,1.3,Baixa
Causa_722,41,3.25,1.16,Média
Causa_723,43,2.97,1.01,Média
Causa_724,53,4.24,0.91,Média
Causa_725,50,4.48,0.98,Baixa
Causa_726,49,3.5,0.05,Média
Causa_727,50,4.01,1.06,Média
Causa_728,51,4.17,0.85,Média
Causa_729,47,3.13,1.48,Baixa
Causa_730,46,3.26,1.01,Média
Causa_731,50,4.12,0.64,Média
Causa_732,45,4.34,0.99,Média
Causa_733,52,3.78,0.69,Baixa
Causa_734,41,3.06,1.14,Média
Causa_735,55,4.49,1.09,Alta
Causa_736,52,3.23,1.29,Média
Causa_737,51,3.33,0.76,Baixa
Causa_738,54,3.67,1.01,Média
Causa_739,58,4.28,0.59,Baixa
Causa_740,55,3.93,1.21,Alta
Causa_741,40,3.71,1.16,Média
Causa_742,43,3.73,1.15,Média
Causa_743,46,3.52,1.0,Baixa
Causa_744,50,3.78,1.12,Alta
Causa_745,52,2.24,1.48,Baixa
Causa_746,46,3.35,0.91,Média
Causa_747,50,3.62,1.04,Alta
Causa_748,46,2.92,0.67,Média
Causa_749,46,3.69,0.74,Alta
Causa_750,42,3.4,1.03,Média
Causa_751,45,4.38,1.33,Alta
Causa_752,43,4.29,0.92,Alta
Causa_753,45,3.27,0.93,Baixa
Causa_754,55,3.42,0.88,Alta
Causa_755,45,3.46,0.84,Alta
Causa_756,63,3.27,1.09,Média
Causa_757,52,3.6,0.55,Média
Causa_758,50,3.12,1.38,Média
Causa_759,45,2.93,0.8,Média
Causa_760,53,3.81,1.22,Média
Causa_761,47,3.81,0.62,Média
Causa_762,50,3.1,1.2,Alta
Causa_763,62,3.95,1.2,Alta
Causa_764,49,3.18,1.12,Média
Causa_765,55,3.63,0.7,Média
Causa_766,46,3.91,1.07,Média
Causa_767,49,3.48,0.65,Média
Causa_768,58,3.73,0.92,Média
Causa_769,46,3.24,1.31,Alta
Causa_770,59,3.4,1.24,Alta
Causa_771,53,3.4,1.0,Média
Causa_772,47,3.13,0.71,Média
Causa_773,53,3.41,1.19,Média
Causa_774,54,2.73,1.01,Alta
Causa_775,53,3.25,0.3,Média
Causa_776,42,3.36,1.23,Baixa
Causa_777,46,3.37,0.99,Alta
Causa_778,48,3.38,1.36,Média
Causa_779,49,3.47,0.67,Baixa
Causa_780,53,3.74,0.05,Média
Causa_781,50,3.94,1.08,Média
Causa_782,43,3.18,1.09,Alta
Causa_783,51,2.9,0.49,Média
Causa_784,53,2.98,0.71,Alta
Causa_785,52,3.26,1.83,Baixa
Causa_786,55,3.32,0.91,Média
Causa_787,54,3.12,1.22,Média
Causa_788,52,2.85,0.8,Média
Causa_789,49,3.27,0.37,Média
Causa_790,41,3.59,0.95,Média
Causa_791,52,3.8,0.92,Baixa
Causa_792,51,3.22,0.88,Baixa
Causa_793,51,3.29,0.97,Média
Causa_794,43,3.04,1.08,Baixa
Causa_795,44,3.48,0.95,Média
Causa_796,55,3.08,0.62,Média
Causa_797,49,3.79,1.15,Média
Causa_798,53,2.61,0.42,Alta
Causa_799,50,3.32,0.38,Alta
Causa_800,50,3.65,1.22,Alta
Causa_801,54,3.59,1.15,Média
Causa_802,47,4.85,0.98,Média
Causa_803,50,3.67,0.58,Média
Causa_804,47,3.0,0.79,Baixa
Causa_805,47,3.45,0.92,Média
Causa_806,48,2.61,0.52,Média
Causa_807,51,3.46,0.78,Alta
Causa_808,47,3.08,1.2,Alta
Causa_809,56,3.96,1.43,Média
Causa_810,45,3.23,0.87,Média
Causa_811,49,3.44,1.23,Média
Causa_812,47,3.18,0.43,Alta
Causa_813,57,4.37,1.2,Média
Causa_814,50,3.34,0.76,Alta
Causa_815,55,4.42,1.09,Alta
Causa_816,42,3.91,0.93,Alta
Causa_817,51,3.74,1.4,Alta
Causa_818,54,3.68,0.74,Média
Causa_819,50,3.7,1.19,Alta
Causa_820,55,2.54,0.92,Baixa
Causa_821,47,3.36,0.95,Média
Causa_822,57,3.92,0.94,Alta
Causa_823,61,3.48,0.75,Alta
Causa_824,48,2.8,1.0,Média
Causa_825,47,3.47,0.98,Alta
Causa_826,57,4.35,1.07,Baixa
Causa_827,57,4.12,1.03,Baixa
Causa_828,47,3.47,1.24,Alta
Causa_829,47,3.98,1.28,Média
Causa_830,48,3.32,0.68,Alta
Causa_831,43,2.65,1.26,Média
Causa_832,45,3.04,0.64,Média
Causa_833,44,4.28,1.18,Alta
Causa_834,46,3.36,1.19,Alta
Causa_835,49,3.38,0.43,Média
Causa_836,51,3.35,1.03,Média
Causa_837,57,4.45,0.86,Alta
Causa_838,45,4.31,0.77,Média
Causa_839,54,4.61,1.41,Média
Causa_840,48,3.42,0.8,Baixa
Causa_841,49,3.65,0.76,Alta
Causa_842,53,2.74,1.02,Média
Causa_843,44,4.24,1.21,Média
Causa_844,51,2.92,0.96,Alta
Causa_845,50,3.61,1.35,Média
Causa_846,52,2.95,1.16,Média
Causa_847,51,3.21,0.35,Baixa
Causa_848,62,3.08,0.84,Alta
Causa_849,46,3.2,0.83,Média
Causa_850,47,3.23,1.14,Média
Causa_851,46,3.23,0.21,Baixa
Causa_852,47,3.92,1.76,Média
Causa_853,46,2.95,1.16,Baixa
Causa_854,55,3.61,1.04,Baixa
Causa_855,57,4.11,1.35,Alta
Causa_856,47,3.24,1.7,Baixa
Causa_857,45,3.14,1.26,Baixa
Causa_858,52,3.38,1.28,Alta
Causa_859,47,4.09,1.04,Média
Causa_860,53,3.6,0.96,Média
Causa_861,51,3.23,0.86,Alta
Causa_862,42,3.74,0.75,Alta
Causa_863,57,2.95,0.79,Alta
Causa_864,58,3.84,0.59,Alta
Causa_865,46,3.7,0.98,Média
Causa_866,48,3.35,0.49,Alta
Causa_867,51,3.08,1.06,Baixa
Causa_868,51,3.06,0.99,Média
Causa_869,53,3.77,1.04,Alta
Causa_870,60,4.11,0.84,Média
Causa_871,49,3.18,1.92,Média
Causa_872,46,3.73,1.41,Baixa
Causa_873,43,2.46,0.63,Alta
Causa_874,46,3.21,1.07,Alta
Causa_875,49,3.48,0.82,Baixa
Causa_876,58,3.05,0.7,Baixa
Causa_877,47,3.03,0.6,Média
Causa_878,51,3.17,1.13,Média
Causa_879,49,3.65,0.8,Alta
Causa_880,55,3.41,1.29,Média
Causa_881,62,2.38,1.3,Alta
Causa_882,47,2.44,1.41,Alta
Causa_883,47,3.2,0.74,Baixa
Causa_884,55,3.73,1.14,Alta
Causa_885,53,2.13,1.19,Média
Causa_886,59,3.25,0.86,Baixa
Causa_887,52,3.24,0.77,Alta
Causa_888,48,4.19,1.48,Baixa
Causa_889,52,3.31,1.07,Baixa
Causa_890,55,3.69,1.19,Média
Causa_891,54,3.57,0.75,Alta
Causa_892,52,2.43,0.63,Média
Causa_893,55,3.88,0.83,Média
Causa_894,55,3.61,0.96,Média
Causa_895,56,3.75,0.68,Alta
Causa_896,53,5.46,1.0,Baixa
Causa_897,49,2.46,0.49,Alta
Causa_898,50,4.36,0.66,Média
Causa_899,56,3.36,1.2,Alta
Causa_900,45,3.64,1.18,Média
Causa_901,51,3.48,0.88,Baixa
Causa_902,48,3.29,0.69,Alta
Causa_903,50,3.22,0.69,Alta
Causa_904,56,3.66,0.89,Média
Causa_905,50,2.74,1.19,Média
Causa_906,50,3.88,1.28,Média
Causa_907,43,3.29,0.85,Média
Causa_908,53,2.93,0.65,Alta
Causa_909,53,3.27,1.08,Baixa
Causa_910,60,4.13,0.75,Baixa
Causa_911,48,3.23,0.84,Média
Causa_912,51,3.68,1.4,Baixa
Causa_913,51,3.13,1.25,Média
Causa_914,57,3.88,1.05,Média
Causa_915,49,3.84,0.62,Alta
Causa_916,51,4.42,1.06,Média
Causa_917,53,3.41,1.32,Média
Causa_918,50,3.83,0.89,Alta
Causa_919,47,3.55,1.41,Média
Causa_920,50,4.15,1.39,Média
Causa_921,55,3.14,1.5,Média
Causa_922,44,3.87,1.09,Média
Causa_923,50,3.4,1.18,Baixa
Causa_924,46,3.47,1.42,Alta
Causa_925,55,3.55,1.13,Média
Causa_926,42,3.63,0.85,Média
Causa_927,47,3.44,0.87,Média
Causa_928,51,3.61,1.07,Média
Causa_929,57,4.29,0.61,Alta
Causa_930,49,3.99,0.96,Baixa
Causa_931,47,3.93,1.33,Média
Causa_932,59,3.27,0.34,Baixa
Causa_933,42,3.06,1.46,Média
Causa_934,39,3.98,1.34,Média
Causa_935,52,3.94,0.86,Baixa
Causa_936,47,4.24,1.16,Média
Causa_937,44,3.2,1.0,Média
Causa_938,53,3.39,1.37,Média
Causa_939,51,2.68,1.29,Baixa
Causa_940,47,3.3,0.58,Média
Causa_941,43,4.0,1.18,Média
Causa_942,54,3.27,0.94,Alta
Causa_943,53,3.82,1.02,Baixa
Causa_944,49,3.4,0.78,Alta
Causa_945,59,3.66,1.52,Média
Causa_946,44,2.93,1.31,Média
Causa_947,42,3.54,0.78,Média
Causa_948,46,2.0,0.6,Média
Causa_949,49,3.41,0.88,Alta
Causa_950,51,2.68,1.13,Média
Causa_951,48,4.1,1.07,Média
Causa_952,51,3.89,1.38,Baixa
Causa_953,43,3.73,1.24,Alta
Causa_954,57,4.26,1.29,Baixa
Causa_955,49,3.03,1.1,Média
Causa_956,55,4.37,0.58,Baixa
Causa_957,51,3.97,0.94,Média
Causa_958,52,3.38,1.32,Média
Causa_959,52,4.07,0.98,Baixa
Causa_960,52,2.95,1.15,Baixa
Causa_961,53,3.09,0.9,Média
Causa_962,56,3.2,0.69,Alta
Causa_963,50,3.24,0.96,Média
Causa_964,53,2.97,1.09,Média
Causa_965,49,4.11,0.8,Alta
Causa_966,57,3.37,0.93,Alta
Causa_967,46,3.68,0.72,Baixa
Causa_968,59,3.21,1.34,Alta
Causa_969,49,2.59,0.91,Média
Causa_970,42,3.64,1.44,Alta
Causa_971,50,2.54,1.46,Média
Causa_972,46,3.47,0.98,Alta
Causa_973,54,2.82,0.7,Alta
Causa_974,46,4.49,0.37,Média
Causa_975,47,3.96,0.56,Baixa
Causa_976,40,3.55,0.59,Alta
Causa_977,47,4.13,1.41,Média
Causa_978,37,3.08,1.03,Média
Causa_979,42,3.77,1.12,Baixa
Causa_980,53,3.6,0.33,Média
Causa_981,53,3.63,0.64,Média
Causa_982,52,4.14,1.27,Média
Causa_983,45,3.87,1.09,Baixa
Causa_984,49,3.64,0.96,Alta
Causa_985,49,2.67,1.17,Média
Causa_986,44,3.02,1.49,Baixa
Causa_987,57,3.44,0.93,Média
Causa_988,54,3.55,1.02,Média
Causa_989,48,2.93,1.06,Média
Causa_990,50,4.71,1.72,Média
Causa_991,51,4.26,0.37,Média
Causa_992,39,3.8,1.2,Média
Causa_993,48,3.54,0.97,Média
Causa_994,46,3.39,1.17,Média
Causa_995,44,3.02,0.8,Baixa
Causa_996,48,3.54,0.99,Alta
Causa_997,58,3.63,1.21,Média
Causa_998,53,2.88,1.93,Média
Causa_999,47,3.67,1.24,Média
Causa_1000,52,3.42,0.75,Alta
Causa_1001,56,2.55,0.87,Média
Causa_1002,54,3.07,0.86,Baixa
Causa_1003,50,3.29,0.46,Média
Causa_1004,46,4.44,0.9,Baixa
Causa_1005,53,3.78,1.22,Baixa
Causa_1006,51,2.83,0.62,Alta
Causa_1007,54,3.74,1.31,Alta
Causa_1008,53,2.73,1.15,Baixa
Causa_1009,55,4.04,0.78,Baixa
Causa_1010,47,3.26,0.96,Alta
Causa_1011,56,3.45,1.48,Alta
Causa_1012,50,4.16,1.22,Alta
Causa_1013,60,2.86,1.0,Baixa
Causa_1014,46,2.8,0.93,Alta
Causa_1015,58,3.21,1.02,Média
Causa_1016,50,4.02,0.85,Baixa
Causa_1017,46,2.74,0.37,Alta
Causa_1018,47,2.08,1.61,Média
Causa_1019,48,3.27,1.05,Alta
Causa_1020,52,3.78,1.12,Baixa
Causa_1021,52,4.1,0.98,Alta
Causa_1022,47,3.27,0.78,Média
Causa_1023,49,3.29,0.94,Média
Causa_1024,60,4.08,0.52,Alta
Causa_1025,58,2.57,1.68,Alta
Causa_1026,52,3.31,0.63,Média
Causa_1027,50,3.6,0.69,Alta
Causa_1028,50,3.72,0.87,Baixa
Causa_1029,53,3.25,1.39,Baixa
Causa_1030,44,3.52,1.0,Média
Causa_1031,48,2.26,0.63,Média
Causa_1032,41,3.17,1.38,Média
Causa_1033,51,3.73,1.22,Baixa
Causa_1034,53,3.01,1.16,Média
Causa_1035,47,3.53,1.21,Alta
Causa_1036,57,3.72,1.72,Alta
Causa_1037,43,3.33,1.66,Média
Causa_1038,42,3.59,0.79,Média
Causa_1039,51,3.02,1.49,Média
Causa_1040,55,3.4,1.11,Alta
Causa_1041,58,3.81,1.15,Média
Causa_1042,47,3.58,0.49,Alta
Causa_1043,55,3.21,0.95,Alta
Causa_1044,49,3.61,0.76,Média
Causa_1045,49,3.86,1.25,Alta
Causa_1046,54,2.48,1.32,Média
Causa_1047,53,4.08,0.38,Média
Causa_1048,42,3.33,0.99,Média
Causa_1049,57,3.71,1.34,Média
Causa_1050,56,4.1,0.94,Alta
Causa_1051,46,2.81,1.22,Alta
Causa_1052,51,3.15,1.11,Baixa
Causa_1053,52,3.36,1.1,Média
Causa_1054,51,3.11,0.92,Média
Causa_1055,47,4.37,0.64,Alta
Causa_1056,46,3.07,0.66,Média
Causa_1057,49,3.22,1.21,Média
Causa_1058,55,3.6,1.01,Média
Causa_1059,52,2.9,0.96,Média
Causa_1060,48,3.3,0.87,Alta
Causa_1061,53,3.66,0.91,Alta
Causa_1062,35,3.33,1.31,Baixa
Causa_1063,55,3.45,0.9,Baixa
Causa_1064,41,3.24,0.6,Alta
Causa_1065,48,2.74,1.22,Média
Causa_1066,44,3.66,0.94,Alta
Causa_1067,43,4.38,1.01,Alta
Causa_1068,55,3.51,1.48,Média
Causa_1069,47,3.61,0.99,Alta
Causa_1070,51,3.85,1.09,Média
Causa_1071,49,2.87,0.65,Média
Causa_1072,52,4.35,0.93,Alta
Causa_1073,50,3.6,1.18,Alta
Causa_1074,43,4.32,0.53,Baixa
Causa_1075,54,3.13,1.06,Alta
Causa_1076,47,4.41,1.03,Média
Causa_1077,42,3.89,1.01,Média
Causa_1078,47,3.78,1.31,Média
Causa_1079,57,3.62,1.1,Média
Causa_1080,54,3.38,1.44,Alta
Causa_1081,48,4.1,0.7,Alta
Causa_1082,48,3.57,1.04,Alta
Causa_1083,48,2.52,1.03,Média
Causa_1084,60,2.94,0.68,Média
Causa_1085,51,3.41,1.29,Alta
Causa_1086,52,3.65,1.7,Alta
Causa_1087,55,3.47,0.99,Média
Causa_1088,51,4.11,1.15,Média
Causa_1089,48,2.52,1.03,Baixa
Causa_1090,49,3.57,0.79,Média
Causa_1091,49,2.59,0.45,Média
Causa_1092,49,3.88,0.79,Média
Causa_1093,53,3.45,0.58,Baixa
Causa_1094,50,3.71,1.51,Baixa
Causa_1095,53,3.07,0.97,Média
Causa_1096,49,4.14,0.9,Alta
Causa_1097,50,4.02,1.27,Alta
Causa_1098,40,3.79,0.66,Média
Causa_1099,54,3.44,0.77,Média
Causa_1100,51,3.79,1.02,Média
Causa_1101,54,3.15,1.31,Alta
Causa_1102,35,3.93,1.15,Média
Causa_1103,60,4.32,1.07,Baixa
Causa_1104,49,4.04,1.02,Alta
Causa_1105,55,3.14,1.12,Média
Causa_1106,44,3.68,1.06,Média
Causa_1107,53,2.85,0.69,Baixa
Causa_1108,44,3.79,1.01,Baixa
Causa_1109,46,3.73,0.68,Média
Causa_1110,59,2.57,1.02,Média
Causa_1111,49,2.92,0.86,Baixa
Causa_1112,51,3.36,1.76,Média
Causa_1113,54,3.35,0.99,Média
Causa_1114,52,2.9,0.58,Média
Causa_1115,50,3.69,0.96,Alta
Causa_1116,51,3.63,1.16,Média
Causa_1117,62,3.4,1.5,Baixa
Causa_1118,49,3.12,0.82,Média
Causa_1119,51,4.02,0.53,Média
Causa_1120,55,4.33,1.25,Alta
Causa_1121,55,3.26,0.59,Média
Causa_1122,55,3.19,0.87,Alta
Causa_1123,53,3.75,0.92,Alta
Causa_1124,44,3.32,0.98,Média
Causa_1125,58,3.43,1.21,Alta
Causa_1126,44,3.87,0.79,Média
Causa_1127,51,2.55,0.92,Média
Causa_1128,46,4.16,1.0,Baixa
Causa_1129,49,3.54,1.04,Média
Causa_1130,51,3.29,1.03,Alta
Causa_1131,51,3.46,1.13,Alta
Causa_1132,52,3.48,1.25,Média
Causa_1133,58,2.63,1.12,Média
Causa_1134,52,4.25,1.14,Média
Causa_1135,48,3.52,0.53,Média
Causa_1136,54,3.72,1.02,Alta
Causa_1137,55,3.98,1.14,Média
Causa_1138,43,2.99,1.22,Média
Causa_1139,52,3.74,0.79,Alta
Causa_1140,53,3.37,0.8,Alta
Causa_1141,48,3.92,0.83,Alta
Causa_1142,56,2.44,1.16,Alta
Causa_1143,49,3.45,1.31,Média
Causa_1144,50,3.2,0.88,Alta
Causa_1145,49,3.72,1.27,Alta
Causa_1146,50,3.74,1.04,Alta
Causa_1147,44,3.15,0.96,Baixa
Causa_1148,42,3.14,0.94,Baixa
Causa_1149,57,3.44,1.22,Alta
Causa_1150,45,3.05,1.1,Média
Causa_1151,45,3.92,1.68,Alta
Causa_1152,39,3.32,0.74,Média
Causa_1153,46,2.05,1.16,Alta
Causa_1154,43,3.31,0.84,Média
Causa_1155,58,2.98,0.74,Média
Causa_1156,55,2.68,1.0,Baixa
Causa_1157,46,2.88,1.04,Alta
Causa_1158,61,3.55,1.88,Baixa
Causa_1159,54,4.16,0.94,Média
Causa_1160,48,3.66,0.66,Alta
Causa_1161,37,3.2,1.08,Média
Causa_1162,61,3.73,0.38,Alta
Causa_1163,43,3.27,0.97,Alta
Causa_1164,41,3.15,1.0,Alta
Causa_1165,55,2.92,1.24,Média
Causa_1166,62,2.62,1.29,Média
Causa_1167,56,3.31,0.85,Baixa
Causa_1168,52,3.58,0.95,Alta
Causa_1169,52,3.45,0.77,Baixa
Causa_1170,54,3.29,0.66,Alta
Causa_1171,53,3.03,1.09,Média
Causa_1172,51,3.8,0.62,Média
Causa_1173,50,2.84,0.88,Alta
Causa_1174,49,3.89,0.7,Baixa
Causa_1175,46,3.0,1.16,Média
Causa_1176,48,3.12,1.54,Média
Causa_1177,41,2.77,0.61,Média
Causa_1178,49,3.25,0.44,Média
Causa_1179,45,3.99,0.96,Média
Causa_1180,44,3.76,1.0,Média
Causa_1181,50,3.99,1.07,Alta
Causa_1182,56,3.76,0.87,Média
Causa_1183,54,2.95,0.94,Baixa
Causa_1184,42,3.33,1.11,Alta
Causa_1185,45,3.11,1.31,Alta
Causa_1186,54,4.17,0.41,Média
Causa_1187,45,2.9,0.89,Média
Causa_1188,48,3.95,1.06,Média
Causa_1189,52,3.95,0.72,Alta
Causa_1190,45,4.41,1.52,Média
Causa_1191,50,3.3,0.81,Alta
Causa_1192,43,3.86,0.99,Média
Causa_1193,46,4.64,1.17,Média
Causa_1194,51,3.19,0.82,Alta
Causa_1195,42,2.73,0.45,Média
Causa_1196,52,2.56,0.87,Baixa
Causa_1197,49,3.86,1.31,Média
Causa_1198,52,2.56,0.9,Baixa
Causa_1199,51,3.31,0.75,Média
Causa_1200,56,3.72,1.28,Média
Causa_1201,50,3.59,0.9,Alta
Causa_1202,47,3.71,0.85,Alta
Causa_1203,50,3.61,1.04,Alta
Causa_1204,52,4.14,1.23,Média
Causa_1205,50,3.02,1.71,Baixa
Causa_1206,50,3.16,1.25,Média
Causa_1207,46,3.11,1.35,Média
Causa_1208,46,3.92,0.85,Média
Causa_1209,42,3.95,0.69,Média
Causa_1210,58,3.73,1.02,Média
Causa_1211,43,4.09,1.03,Média
Causa_1212,46,2.91,0.68,Média
Causa_1213,46,4.33,0.95,Alta
Causa_1214,54,4.26,1.12,Baixa
Causa_1215,48,3.87,1.11,Alta
Causa_1216,56,4.39,1.15,Alta
Causa_1217,46,2.67,1.09,Baixa
Causa_1218,51,3.24,0.85,Média
Causa_1219,45,3.13,0.85,Média
Causa_1220,60,3.86,0.64,Média
Causa_1221,44,2.97,1.54,Média
Causa_1222,51,3.88,1.0,Alta
Causa_1223,53,4.19,0.93,Média
Causa_1224,52,3.85,0.72,Média
Causa_1225,49,3.64,1.88,Média
Causa_1226,49,3.01,0.68,Média
Causa_1227,50,3.08,0.87,Baixa
Causa_1228,49,4.12,1.12,Alta
Causa_1229,54,3.89,1.18,Média
Causa_1230,61,3.48,1.29,Média
Causa_1231,47,3.29,1.54,Baixa
Causa_1232,43,2.49,1.15,Alta
Causa_1233,49,2.96,0.68,Média
Causa_1234,62,4.46,0.92,Baixa
Causa_1235,45,2.86,1.09,Alta
Causa_1236,58,3.59,1.62,Baixa
Causa_1237,58,4.0,0.58,Alta
Causa_1238,47,2.87,1.36,Média
Causa_1239,52,3.59,1.05,Baixa
Causa_1240,58,3.97,1.25,Média
Causa_1241,48,3.51,0.97,Média
Causa_1242,48,4.93,0.75,Alta
Causa_1243,47,2.67,1.23,Baixa
Causa_1244,44,4.03,1.2,Média
Causa_1245,46,3.41,1.29,Alta
Causa_1246,43,3.89,1.0,Média
Causa_1247,50,3.72,0.82,Média
Causa_1248,46,3.13,0.53,Alta
Causa_1249,51,3.61,1.25,Alta
Causa_1250,42,2.57,1.13,Alta
Causa_1251,51,3.8,0.71,Média
Causa_1252,54,3.65,0.84,Média
Causa_1253,40,3.82,0.86,Média
Causa_1254,51,4.03,0.56,Baixa
Causa_1255,56,3.68,0.75,Baixa
Causa_1256,43,3.57,0.66,Média
Causa_1257,58,3.06,0.88,Alta
Causa_1258,52,3.14,0.78,Média
Causa_1259,46,4.09,0.51,Média
Causa_1260,49,4.22,1.61,Média
Causa_1261,52,3.38,1.38,Média
Causa_1262,50,3.52,0.77,Média
Causa_1263,52,3.05,1.08,Baixa
Causa_1264,45,4.09,1.13,Alta
Causa_1265,50,3.83,1.36,Média
Causa_1266,42,4.47,0.75,Alta
Causa_1267,49,3.06,1.33,Baixa
Causa_1268,45,3.31,0.84,Alta
Causa_1269,46,3.62,0.6,Alta
Causa_1270,56,3.82,1.22,Média
Causa_1271,55,3.39,1.39,Média
Causa_1272,53,3.06,1.78,Alta
Causa_1273,44,3.94,0.64,Média
Causa_1274,48,3.86,1.21,Média
Causa_1275,56,3.04,0.88,Alta
Causa_1276,50,4.18,1.24,Média
Causa_1277,61,4.09,0.56,Baixa
Causa_1278,51,3.57,0.62,Média
Causa_1279,50,3.54,0.77,Média
Causa_1280,48,3.78,1.02,Média
Causa_1281,50,3.07,0.81,Média
Causa_1282,49,3.52,1.2,Alta
Causa_1283,53,2.42,1.31,Alta
Causa_1284,54,3.94,1.18,Baixa
Causa_1285,46,2.72,1.49,Baixa
Causa_1286,43,4.25,1.12,Média
Causa_1287,40,3.33,0.63,Alta
Causa_1288,52,3.39,1.41,Alta
Causa_1289,44,3.19,0.82,Média
Causa_1290,39,3.36,1.27,Média
Causa_1291,51,4.21,1.47,Alta
Causa_1292,62,2.26,1.14,Baixa
Causa_1293,49,4.14,0.55,Média
Causa_1294,54,3.67,0.72,Baixa
Causa_1295,50,2.9,1.4,Média
Causa_1296,49,2.96,0.95,Média
Causa_1297,54,4.34,1.02,Média
Causa_1298,48,3.03,1.23,Média
Causa_1299,51,2.92,1.21,Média
Causa_1300,51,4.07,1.08,Média
Causa_1301,46,3.67,0.94,Média
Causa_1302,54,3.03,0.91,Baixa
Causa_1303,49,3.61,1.26,Média
Causa_1304,46,2.99,1.17,Média
Causa_1305,52,4.05,0.92,Baixa
Causa_1306,45,4.03,1.32,Alta
Causa_1307,50,3.77,0.96,Alta
Causa_1308,49,3.68,0.74,Média
Causa_1309,55,4.38,0.77,Média
Causa_1310,52,3.5,0.71,Baixa
Causa_1311,49,2.91,0.92,Média
Causa_1312,54,3.72,1.37,Média
Causa_1313,56,4.54,0.76,Média
Causa_1314,52,2.99,1.06,Alta
Causa_1315,50,3.32,0.8,Média
Causa_1316,43,3.71,0.92,Baixa
Causa_1317,44,3.47,0.55,Alta
Causa_1318,48,3.01,0.93,Média
Causa_1319,46,4.06,0.94,Média
Causa_1320,49,4.66,1.16,Alta
Causa_1321,50,3.6,1.07,Alta
Causa_1322,52,3.05,0.64,Baixa
Causa_1323,49,2.73,1.33,Média
Causa_1324,52,3.63,1.06,Alta
Causa_1325,50,4.05,1.06,Alta
Causa_1326,40,3.74,1.0,Média
Causa_1327,45,3.5,0.84,Média
Causa_1328,49,3.21,1.07,Média
Causa_1329,43,2.95,1.14,Alta
Causa_1330,52,3.92,0.48,Baixa
Causa_1331,57,3.96,0.84,Média
Causa_1332,56,2.73,0.92,Média
Causa_1333,48,4.29,1.08,Média
Causa_1334,57,3.79,1.36,Média
Causa_1335,50,4.2,0.77,Baixa
Causa_1336,48,2.83,0.85,Baixa
Causa_1337,46,2.82,0.85,Média
Causa_1338,48,3.43,0.76,Baixa
Causa_1339,48,3.75,0.9,Média
Causa_1340,50,4.4,1.23,Baixa
Causa_1341,50,3.85,0.68,Alta
Causa_1342,50,3.38,1.13,Média
Causa_1343,52,2.99,0.49,Alta
Causa_1344,55,4.12,0.83,Baixa
Causa_1345,54,3.02,0.9,Alta
Causa_1346,42,4.31,1.5,Média
Causa_1347,37,3.36,0.92,Média
Causa_1348,54,4.3,0.34,Média
Causa_1349,43,3.84,0.4,Média
Causa_1350,48,3.43,1.01,Baixa
Causa_1351,44,3.24,1.18,Média
Causa_1352,40,3.33,1.11,Baixa
Causa_1353,52,3.71,1.05,Alta
Causa_1354,53,3.54,1.35,Média
Causa_1355,47,3.2,0.84,Média
Causa_1356,37,3.42,1.27,Alta
Causa_1357,47,3.54,0.51,Média
Causa_1358,51,2.44,0.73,Média
Causa_1359,42,3.73,0.46,Média
Causa_1360,50,3.01,0.92,Média
Causa_1361,49,2.92,0.99,Média
Causa_1362,52,2.66,1.03,Alta
Causa_1363,50,2.6,1.02,Alta
Causa_1364,45,2.82,0.72,Média
Causa_1365,55,3.15,0.94,Alta
Causa_1366,49,4.48,0.55,Alta
Causa_1367,49,3.24,1.41,Média
Causa_1368,45,3.59,0.91,Média
Causa_1369,47,3.7,0.85,Média
Causa_1370,45,3.57,1.48,Média
Causa_1371,49,3.46,0.63,Média
Causa_1372,58,2.9,0.66,Média
Causa_1373,43,4.23,0.67,Média
Causa_1374,41,4.4,0.98,Média
Causa_1375,57,2.66,1.13,Média
Causa_1376,48,2.99,1.22,Média
Causa_1377,46,3.36,1.77,Alta
Causa_1378,55,3.02,0.33,Média
Causa_1379,46,3.75,1.18,Média
Causa_1380,59,3.14,0.83,Baixa
Causa_1381,53,4.58,0.82,Baixa
Causa_1382,47,4.1,0.81,Média
Causa_1383,60,3.61,0.73,Alta
Causa_1384,46,4.01,1.51,Alta
Causa_1385,53,4.05,1.25,Média
Causa_1386,51,3.22,1.01,Média
Causa_1387,56,3.09,1.41,Alta
Causa_1388,57,3.54,0.55,Média
Causa_1389,50,3.93,0.6,Alta
Causa_1390,46,3.57,0.35,Baixa
Causa_1391,52,2.71,0.79,Alta
Causa_1392,46,3.1,1.05,Baixa
Causa_1393,60,3.46,1.03,Baixa
Causa_1394,50,3.46,1.04,Média
Causa_1395,48,4.49,0.58,Média
Causa_1396,50,2.81,1.24,Média
Causa_1397,43,3.75,1.07,Média
Causa_1398,45,4.24,1.22,Média
Causa_1399,56,4.64,0.43,Média
Causa_1400,46,3.3,1.09,Média
Causa_1401,44,3.75,0.64,Média
Causa_1402,52,3.78,0.88,Média
Causa_1403,55,3.6,1.16,Alta
Causa_1404,53,3.45,1.03,Média
Causa_1405,54,3.72,0.74,Alta
Causa_1406,46,2.23,1.0,Alta
Causa_1407,42,3.84,0.54,Alta
Causa_1408,57,3.56,1.35,Alta
Causa_1409,48,3.39,0.94,Alta
Causa_1410,48,4.52,1.34,Baixa
Causa_1411,56,3.16,0.84,Alta
Causa_1412,52,3.3,0.84,Média
Causa_1413,52,4.5,0.77,Alta
Causa_1414,60,3.08,1.26,Baixa
Causa_1415,46,3.22,0.79,Média
Causa_1416,54,3.43,1.19,Média
Causa_1417,50,3.92,0.89,Média
Causa_1418,51,3.6,0.41,Média
Causa_1419,57,2.85,0.83,Média
Causa_1420,52,3.23,0.65,Alta
Causa_1421,52,3.2,1.01,Baixa
Causa_1422,55,3.46,0.64,Média
Causa_1423,48,3.71,1.28,Média
Causa_1424,45,3.71,0.97,Média
Causa_1425,44,2.61,0.95,Média
Causa_1426,40,4.03,1.2,Baixa
Causa_1427,60,3.63,1.29,Média
Causa_1428,44,4.19,0.99,Média
Causa_1429,48,3.72,0.77,Alta
Causa_1430,48,4.05,0.47,Baixa
Causa_1431,51,3.73,0.79,Média
Causa_1432,54,4.17,0.81,Alta
Causa_1433,54,3.76,1.03,Alta
Causa_1434,47,3.45,0.9,Média
Causa_1435,49,4.64,1.21,Baixa
Causa_1436,51,3.94,0.82,Alta
Causa_1437,48,3.79,0.98,Média
Causa_1438,58,2.86,1.36,Alta
Causa_1439,52,2.86,1.1,Média
Causa_1440,53,3.65,0.98,Média
Causa_1441,53,3.57,0.82,Baixa
Causa_1442,55,3.19,0.81,Média
Causa_1443,50,3.57,0.74,Baixa
Causa_1444,43,4.29,0.84,Média
Causa_1445,51,3.85,1.23,Alta
Causa_1446,46,2.93,0.93,Média
Causa_1447,47,3.44,0.6,Média
Causa_1448,52,3.1,1.53,Baixa
Causa_1449,56,3.31,1.1,Baixa
Causa_1450,50,3.29,0.58,Alta
Causa_1451,51,3.26,0.87,Alta
Causa_1452,58,2.87,1.03,Alta
Causa_1453,51,3.44,1.51,Baixa
Causa_1454,63,3.22,0.67,Baixa
Causa_1455,52,2.04,1.29,Média
Causa_1456,41,4.53,1.42,Média
Causa_1457,53,4.04,0.81,Média
Causa_1458,51,3.31,0.92,Média
Causa_1459,56,3.51,0.69,Alta
Causa_1460,53,2.91,0.94,Média
Causa_1461,49,4.35,0.99,Alta
Causa_1462,43,4.45,1.2,Alta
Causa_1463,48,3.58,1.33,Baixa
Causa_1464,45,4.01,0.78,Média
Causa_1465,47,3.59,0.41,Média
Causa_1466,52,2.83,0.99,Média
Causa_1467,58,3.29,1.09,Média
Causa_1468,51,3.57,1.07,Média
Causa_1469,44,3.27,0.9,Média
Causa_1470,52,3.39,1.04,Média
Causa_1471,55,3.45,1.45,Média
Causa_1472,46,3.46,1.11,Alta
Causa_1473,49,3.53,0.89,Média
Causa_1474,50,2.97,0.85,Média
Causa_1475,46,3.14,0.95,Média
Causa_1476,53,2.86,1.49,Média
Causa_1477,49,3.99,0.95,Média
Causa_1478,52,2.45,0.99,Alta
Causa_1479,45,4.08,0.86,Média
Causa_1480,47,4.19,1.33,Baixa
Causa_1481,53,3.35,1.59,Alta
Causa_1482,48,2.2,1.14,Média
Causa_1483,58,3.32,1.02,Média
Causa_1484,48,3.47,1.01,Alta
Causa_1485,51,2.99,0.28,Média
Causa_1486,54,3.24,1.22,Média
Causa_1487,42,4.27,1.04,Média
Causa_1488,41,3.83,1.13,Baixa
Causa_1489,42,3.04,0.79,Alta
Causa_1490,56,2.7,0.88,Alta
Causa_1491,47,3.34,0.88,Baixa
Causa_1492,62,3.39,1.31,Média
Causa_1493,47,3.75,0.89,Média
Causa_1494,50,3.23,1.62,Média
Causa_1495,57,3.76,1.13,Média
Causa_1496,60,4.47,0.62,Média
Causa_1497,60,3.91,0.96,Alta
Causa_1498,56,3.48,0.8,Alta
Causa_1499,55,3.41,0.34,Alta
Causa_1500,52,3.32,1.48,Baixa
Causa_1501,53,4.09,1.21,Alta
Causa_1502,47,3.19,1.16,Média
Causa_1503,45,3.52,1.05,Baixa
Causa_1504,49,3.53,0.59,Média
Causa_1505,49,3.25,0.85,Média
Causa_1506,47,2.81,1.25,Média
Causa_1507,53,3.66,0.68,Média
Causa_1508,54,3.47,0.24,Média
Causa_1509,50,3.75,0.93,Média
Causa_1510,57,3.23,0.96,Baixa
Causa_1511,44,4.11,1.04,Baixa
Causa_1512,49,3.06,1.22,Baixa
Causa_1513,46,4.36,1.19,Baixa
Causa_1514,40,2.63,1.08,Média
Causa_1515,49,3.72,1.36,Média
Causa_1516,49,3.74,0.54,Baixa
Causa_1517,57,3.1,1.15,Média
Causa_1518,53,3.71,1.19,Baixa
Causa_1519,44,4.14,0.63,Média
Causa_1520,59,2.39,0.55,Média
Causa_1521,56,3.75,0.78,Média
Causa_1522,52,2.25,0.8,Baixa
Causa_1523,48,3.02,1.23,Alta
Causa_1524,45,4.31,0.82,Média
Causa_1525,48,3.21,0.74,Média
Causa_1526,55,2.91,0.82,Alta
Causa_1527,59,3.4,1.34,Média
Causa_1528,57,4.53,1.0,Média
Causa_1529,47,2.58,0.95,Média
Causa_1530,44,2.97,0.97,Média
Causa_1531,50,4.25,1.39,Média
Causa_1532,41,4.43,0.78,Média
Causa_1533,51,3.45,1.39,Média
Causa_1534,49,2.88,1.06,Alta
Causa_1535,47,4.55,0.95,Baixa
Causa_1536,42,4.3,1.75,Média
Causa_1537,52,3.84,0.68,Média
Causa_1538,47,3.09,0.89,Média
Causa_1539,44,3.48,0.63,Média
Causa_1540,35,3.42,1.29,Média
Causa_1541,49,3.67,1.51,Média
Causa_1542,58,4.23,1.5,Média
Causa_1543,58,3.94,1.37,Média
Causa_1544,47,2.96,0.94,Média
Causa_1545,46,4.19,0.89,Alta
Causa_1546,52,3.66,0.5,Média
Causa_1547,45,3.84,1.61,Alta
Causa_1548,51,4.23,1.14,Alta
Causa_1549,53,2.94,0.85,Baixa
Causa_1550,56,3.48,1.4,Média
Causa_1551,49,3.23,0.71,Média
Causa_1552,48,2.72,1.12,Média
Causa_1553,45,3.67,0.95,Baixa
Causa_1554,45,4.76,1.19,Média
Causa_1555,48,2.58,0.98,Média
Causa_1556,51,3.48,0.56,Média
Causa_1557,54,3.82,1.02,Baixa
Causa_1558,45,3.56,1.31,Baixa
Causa_1559,57,3.44,0.99,Baixa
Causa_1560,48,2.85,1.23,Alta
Causa_1561,49,3.62,0.69,Alta
Causa_1562,46,3.12,0.99,Alta
Causa_1563,37,2.41,0.81,Alta
Causa_1564,54,4.1,1.22,Baixa
Causa_1565,53,3.98,1.01,Alta
Causa_1566,48,3.53,1.21,Alta
Causa_1567,50,3.61,1.33,Alta
Causa_1568,52,4.04,1.21,Alta
Causa_1569,42,3.61,1.08,Alta
Causa_1570,47,3.95,0.7,Média
Causa_1571,53,3.35,1.0,Média
Causa_1572,43,4.16,0.84,Alta
Causa_1573,51,3.66,0.9,Média
Causa_1574,43,3.6,0.89,Média
Causa_1575,52,2.86,0.71,Alta
Causa_1576,49,3.64,0.41,Média
Causa_1577,41,3.08,0.8,Média
Causa_1578,55,3.18,1.06,Média
Causa_1579,46,3.09,0.6,Média
Causa_1580,45,2.97,1.0,Alta
Causa_1581,51,4.56,1.57,Baixa
Causa_1582,55,4.17,1.31,Baixa
Causa_1583,44,4.46,1.49,Baixa
Causa_1584,50,2.89,1.12,Alta
Causa_1585,52,3.54,1.35,Baixa
Causa_1586,53,2.85,0.78,Baixa
Causa_1587,50,3.15,0.81,Baixa
Causa_1588,48,3.04,0.18,Alta
Causa_1589,45,4.12,1.36,Média
Causa_1590,50,3.3,1.46,Baixa
Causa_1591,44,4.03,0.83,Média
Causa_1592,35,3.8,0.92,Média
Causa_1593,52,4.65,0.77,Baixa
Causa_1594,54,2.76,1.11,Média
Causa_1595,38,4.13,1.34,Média
Causa_1596,44,4.07,0.48,Média
Causa_1597,53,3.01,1.12,Baixa
Causa_1598,60,4.0,0.92,Alta
Causa_1599,50,3.67,1.03,Média
Causa_1600,46,3.39,1.14,Média
Causa_1601,49,3.09,0.94,Média
Causa_1602,56,3.14,0.97,Média
Causa_1603,46,4.52,0.94,Baixa
Causa_1604,46,3.5,1.29,Baixa
Causa_1605,47,3.89,1.13,Alta
Causa_1606,45,3.1,1.07,Média
Causa_1607,50,3.11,0.62,Alta
Causa_1608,58,4.04,0.89,Média
Causa_1609,51,2.83,1.27,Média
Causa_1610,48,3.29,1.01,Baixa
Causa_1611,48,3.52,1.2,Baixa
Causa_1612,42,3.56,1.53,Alta
Causa_1613,54,3.41,1.31,Alta
Causa_1614,49,3.7,1.03,Média
Causa_1615,49,3.85,0.85,Média
Causa_1616,65,3.87,0.23,Alta
Causa_1617,51,3.01,0.95,Baixa
Causa_1618,46,3.36,0.9,Baixa
Causa_1619,47,4.1,1.12,Média
Causa_1620,55,3.95,0.95,Baixa
Causa_1621,50,2.81,0.9,Média
Causa_1622,42,3.68,0.47,Média
Causa_1623,54,2.51,0.72,Média
Causa_1624,46,3.52,1.14,Alta
Causa_1625,59,4.45,1.51,Baixa
Causa_1626,55,3.03,0.97,Média
Causa_1627,47,3.08,1.1,Média
Causa_1628,56,3.88,1.29,Média
Causa_1629,50,2.73,0.76,Alta
Causa_1630,54,3.18,1.11,Alta
Causa_1631,52,3.8,0.78,Média
Causa_1632,45,3.18,1.26,Média
Causa_1633,46,3.38,1.05,Média
Causa_1634,55,3.87,1.09,Média
Causa_1635,48,3.71,0.77,Média
Causa_1636,47,3.63,1.21,Média
Causa_1637,45,3.33,1.63,Média
Causa_1638,52,3.69,0.7,Baixa
Causa_1639,60,3.44,0.9,Média
Causa_1640,44,3.73,1.07,Média
Causa_1641,50,3.25,1.24,Alta
Causa_1642,57,3.41,0.83,Média
Causa_1643,49,3.01,0.15,Alta
Causa_1644,52,3.48,1.41,Média
Causa_1645,44,3.09,1.23,Alta
Causa_1646,52,2.94,0.48,Média
Causa_1647,49,3.63,0.82,Média
Causa_1648,54,3.61,1.47,Média
Causa_1649,55,3.89,1.43,Alta
Causa_1650,62,3.28,1.28,Alta
Causa_1651,52,3.7,0.95,Média
Causa_1652,51,3.78,1.02,Alta
Causa_1653,50,3.72,0.96,Média
Causa_1654,48,3.09,1.34,Média
Causa_1655,51,3.57,0.74,Média
Causa_1656,48,3.68,0.76,Média
Causa_1657,50,3.5,1.3,Baixa
Causa_1658,56,2.46,0.99,Alta
Causa_1659,44,3.58,1.41,Alta
Causa_1660,55,4.61,0.8,Alta
Causa_1661,56,3.32,0.98,Alta
Causa_1662,49,3.14,0.72,Alta
Causa_1663,39,3.69,1.0,Média
Causa_1664,46,3.66,0.56,Média
Causa_1665,56,4.1,0.85,Média
Causa_1666,49,2.87,0.57,Média
Causa_1667,45,3.87,1.21,Média
Causa_1668,47,3.8,1.21,Média
Causa_1669,54,3.43,0.48,Alta
Causa_1670,52,3.67,1.4,Média
Causa_1671,48,4.01,1.75,Alta
Causa_1672,48,3.94,1.01,Alta
Causa_1673,48,2.93,0.81,Média
Causa_1674,45,3.91,1.85,Baixa
Causa_1675,58,3.47,0.6,Média
Causa_1676,48,3.54,1.01,Alta
Causa_1677,56,3.54,1.05,Baixa
Causa_1678,57,3.42,1.4,Média
Causa_1679,54,4.1,1.11,Média
Causa_1680,47,3.46,0.85,Baixa
Causa_1681,52,2.94,0.71,Média
Causa_1682,49,3.3,0.9,Alta
Causa_1683,45,3.59,0.7,Média
Causa_1684,51,4.11,1.01,Média
Causa_1685,44,3.8,0.83,Média
Causa_1686,55,3.07,0.55,Média
Causa_1687,47,4.74,1.38,Baixa
Causa_1688,51,3.63,0.85,Baixa
Causa_1689,51,4.14,0.62,Baixa
Causa_1690,48,3.42,0.95,Baixa
Causa_1691,52,3.77,1.02,Baixa
Causa_1692,47,3.92,0.48,Alta
Causa_1693,54,4.11,1.1,Alta
Causa_1694,43,4.03,0.69,Média
Causa_1695,50,3.94,1.51,Baixa
Causa_1696,59,3.34,1.16,Média
Causa_1697,44,3.21,0.88,Média
Causa_1698,46,3.67,0.78,Alta
Causa_1699,52,3.97,0.97,Alta
Causa_1700,50,3.39,1.18,Média
Causa_1701,51,4.03,0.99,Alta
Causa_1702,52,4.23,0.93,Média
Causa_1703,53,3.04,1.02,Alta
Causa_1704,55,3.08,0.82,Média
Causa_1705,52,3.43,0.9,Média
Causa_1706,48,3.65,0.37,Média
Causa_1707,53,3.24,1.29,Média
Causa_1708,59,4.18,1.09,Alta
Causa_1709,49,3.71,0.77,Baixa
Causa_1710,45,3.52,1.57,Média
Causa_1711,55,2.78,1.03,Média
Causa_1712,49,2.84,0.69,Média
Causa_1713,39,3.64,1.26,Alta
Causa_1714,54,2.43,1.12,Baixa
Causa_1715,47,4.01,1.12,Média
Causa_1716,49,3.42,0.87,Média
Causa_1717,51,5.12,1.14,Alta
Causa_1718,50,4.65,0.92,Baixa
Causa_1719,53,3.41,1.17,Média
Causa_1720,47,3.45,0.43,Alta
Causa_1721,52,4.0,0.87,Média
Causa_1722,48,4.35,1.52,Baixa
Causa_1723,53,2.68,0.77,Média
Causa_1724,53,2.61,0.82,Média
Causa_1725,45,3.19,0.87,Média
Causa_1726,55,3.79,0.64,Média
Causa_1727,47,3.75,0.34,Média
Causa_1728,54,4.03,0.93,Alta
Causa_1729,51,2.9,1.04,Média
Causa_1730,59,2.34,0.98,Baixa
Causa_1731,48,3.93,0.96,Média
Causa_1732,48,3.09,1.01,Média
Causa_1733,49,2.49,1.31,Média
Causa_1734,48,3.57,0.94,Média
Causa_1735,53,3.9,0.83,Baixa
Causa_1736,41,3.44,0.92,Média
Causa_1737,44,3.27,1.17,Alta
Causa_1738,44,3.42,1.42,Baixa
Causa_1739,54,3.31,0.81,Média
Causa_1740,58,2.83,1.03,Baixa
Causa_1741,49,3.14,1.1,Média
Causa_1742,49,3.76,0.7,Baixa
Causa_1743,50,3.66,1.01,Alta
Causa_1744,55,3.58,0.56,Média
Causa_1745,45,3.0,0.47,Baixa
Causa_1746,51,3.41,1.11,Alta
Causa_1747,54,2.41,0.88,Alta
Causa_1748,52,3.59,1.06,Média
Causa_1749,50,4.21,0.99,Baixa
Causa_1750,55,2.76,0.71,Alta
Causa_1751,36,3.21,0.99,Baixa
Causa_1752,53,3.66,0.63,Média
Causa_1753,46,4.13,1.42,Média
Causa_1754,40,3.28,0.59,Baixa
Causa_1755,52,3.15,0.94,Média
Causa_1756,56,2.52,0.69,Alta
Causa_1757,49,3.55,1.17,Alta
Causa_1758,54,4.52,0.9,Média
Causa_1759,58,3.64,0.84,Média
Causa_1760,56,3.49,1.26,Baixa
Causa_1761,58,3.66,1.01,Média
Causa_1762,53,3.49,1.15,Média
Causa_1763,50,3.09,0.71,Média
Causa_1764,41,3.91,0.58,Alta
Causa_1765,48,3.61,1.03,Alta
Causa_1766,45,3.51,0.9,Baixa
Causa_1767,60,3.01,1.19,Alta
Causa_1768,49,4.15,0.98,Alta
Causa_1769,50,3.83,1.06,Média
Causa_1770,52,3.22,0.51,Média
Causa_1771,50,4.0,1.57,Baixa
Causa_1772,58,3.25,0.95,Alta
Causa_1773,46,3.11,1.21,Alta
Causa_1774,50,3.12,0.75,Média
Causa_1775,46,2.61,1.09,Média
Causa_1776,43,3.74,0.61,Média
Causa_1777,46,2.58,1.14,Média
Causa_1778,49,2.89,0.89,Baixa
Causa_1779,47,2.46,1.01,Baixa
Causa_1780,46,3.46,1.21,Alta
Causa_1781,42,3.42,0.63,Média
Causa_1782,49,3.34,0.79,Média
Causa_1783,42,2.98,1.14,Baixa
Causa_1784,53,2.91,1.63,Baixa
Causa_1785,50,3.73,0.96,Alta
Causa_1786,42,3.22,1.18,Média
Causa_1787,48,3.66,0.97,Média
Causa_1788,46,3.06,1.58,Alta
Causa_1789,51,3.59,0.48,Alta
Causa_1790,56,4.15,1.03,Média
Causa_1791,40,3.79,0.51,Média
Causa_1792,50,3.29,0.25,Alta
Causa_1793,49,3.63,1.09,Média
Causa_1794,53,3.38,1.04,Alta
Causa_1795,51,3.5,0.91,Média
Causa_1796,46,3.34,0.97,Média
Causa_1797,48,3.42,1.93,Alta
Causa_1798,46,3.61,0.92,Média
Causa_1799,55,3.0,1.15,Alta
Causa_1800,50,2.99,0.81,Média
Causa_1801,59,2.81,1.09,Alta
Causa_1802,49,2.7,0.93,Média
Causa_1803,46,2.89,0.88,Alta
Causa_1804,42,3.58,1.55,Média
Causa_1805,40,3.05,1.35,Média
Causa_1806,42,3.76,1.04,Alta
Causa_1807,51,3.52,0.31,Média
Causa_1808,52,2.52,0.89,Alta
Causa_1809,42,3.83,1.81,Média
Causa_1810,54,3.91,0.93,Alta
Causa_1811,47,3.0,1.33,Média
Causa_1812,50,3.71,1.43,Média
Causa_1813,58,3.07,1.07,Baixa
Causa_1814,54,3.55,0.75,Média
Causa_1815,48,2.87,0.27,Média
Causa_1816,45,2.6,1.21,Média
Causa_1817,39,3.31,0.76,Baixa
Causa_1818,46,3.44,1.05,Média
Causa_1819,48,3.3,0.63,Alta
Causa_1820,45,2.91,0.92,Baixa
Causa_1821,49,3.3,1.01,Média
Causa_1822,50,3.63,1.08,Baixa
Causa_1823,48,3.48,0.67,Baixa
Causa_1824,46,3.59,1.36,Alta
Causa_1825,50,3.16,0.82,Média
Causa_1826,52,4.09,0.5,Alta
Causa_1827,44,2.91,0.97,Alta
Causa_1828,57,3.74,1.01,Alta
Causa_1829,49,4.09,1.05,Média
Causa_1830,50,3.74,1.41,Alta
Causa_1831,53,3.4,0.93,Alta
Causa_1832,51,3.24,0.96,Média
Causa_1833,54,4.02,0.67,Alta
Causa_1834,51,2.79,1.25,Alta
Causa_1835,46,3.01,1.06,Alta
Causa_1836,51,3.3,0.87,Média
Causa_1837,44,4.12,0.43,Média
Causa_1838,50,3.69,1.43,Alta
Causa_1839,49,3.02,0.63,Baixa
Causa_1840,48,3.34,0.82,Média
Causa_1841,49,3.19,1.11,Média
Causa_1842,40,3.15,0.64,Média
Causa_1843,47,3.99,0.55,Média
Causa_1844,50,2.81,0.36,Média
Causa_1845,50,4.3,1.22,Alta
Causa_1846,44,3.91,0.84,Alta
Causa_1847,56,4.05,1.88,Baixa
Causa_1848,45,3.27,0.7,Alta
Causa_1849,54,3.43,0.72,Média
Causa_1850,52,2.78,0.83,Baixa
Causa_1851,46,3.24,1.07,Média
Causa_1852,58,3.75,0.86,Média
Causa_1853,44,4.15,1.18,Média
Causa_1854,54,2.95,0.71,Alta
Causa_1855,55,3.32,0.59,Média
Causa_1856,46,3.42,0.46,Média
Causa_1857,56,2.8,0.33,Baixa
Causa_1858,48,3.8,0.84,Baixa
Causa_1859,51,3.14,0.91,Baixa
Causa_1860,51,3.4,0.81,Baixa
Causa_1861,49,3.27,1.37,Média
Causa_1862,54,3.11,1.37,Média
Causa_1863,53,3.5,0.9,Média
Causa_1864,41,3.39,0.46,Média
Causa_1865,56,3.31,0.83,Baixa
Causa_1866,41,3.14,0.82,Alta
Causa_1867,55,3.66,0.8,Baixa
Causa_1868,55,4.33,0.79,Baixa
Causa_1869,44,3.57,0.8,Baixa
Causa_1870,47,4.0,0.88,Baixa
Causa_1871,44,2.8,0.81,Alta
Causa_1872,48,3.58,1.06,Alta
Causa_1873,48,2.95,1.11,Alta
Causa_1874,53,2.76,0.73,Alta
Causa_1875,56,3.13,1.38,Média
Causa_1876,56,4.1,0.71,Baixa
Causa_1877,47,3.98,0.51,Baixa
Causa_1878,48,3.62,1.11,Média
Causa_1879,41,2.73,0.75,Alta
Causa_1880,45,3.4,1.1,Alta
Causa_1881,54,3.65,0.28,Alta
Causa_1882,58,3.59,1.42,Média
Causa_1883,43,2.58,1.2,Média
Causa_1884,47,3.05,0.55,Alta
Causa_1885,49,3.47,0.56,Média
Causa_1886,51,3.77,1.5,Alta
Causa_1887,45,2.4,0.78,Média
Causa_1888,52,3.42,0.75,Média
Causa_1889,47,3.57,0.32,Média
Causa_1890,49,3.92,0.89,Média
Causa_1891,52,3.85,0.93,Baixa
Causa_1892,50,3.79,1.21,Alta
Causa_1893,47,3.1,0.58,Média
Causa_1894,49,2.55,0.54,Média
Causa_1895,49,3.3,1.14,Média
Causa_1896,48,4.0,1.3,Baixa
Causa_1897,48,4.2,0.53,Média
Causa_1898,57,3.86,1.32,Média
Causa_1899,52,3.71,1.01,Alta
Causa_1900,48,3.69,1.33,Média
Causa_1901,53,3.22,0.98,Alta
Causa_1902,48,3.43,0.24,Alta
Causa_1903,55,4.33,0.95,Média
Causa_1904,51,3.03,1.32,Média
Causa_1905,49,4.31,0.73,Alta
Causa_1906,52,3.34,0.88,Média
Causa_1907,42,4.16,0.95,Média
Causa_1908,44,2.8,0.13,Alta
Causa_1909,44,3.79,1.5,Média
Causa_1910,50,3.13,0.73,Média
Causa_1911,58,2.79,1.15,Média
Causa_1912,61,3.61,0.97,Média
Causa_1913,53,4.0,1.38,Média
Causa_1914,52,3.08,1.12,Média
Causa_1915,40,2.75,0.93,Baixa
Causa_1916,47,3.45,0.73,Média
Causa_1917,46,3.46,1.24,Alta
Causa_1918,46,3.77,0.44,Média
Causa_1919,49,3.97,1.19,Baixa
Causa_1920,47,3.47,0.67,Alta
Causa_1921,40,4.43,1.38,Baixa
Causa_1922,53,3.61,1.05,Baixa
Causa_1923,44,3.33,1.19,Alta
Causa_1924,51,2.69,1.02,Baixa
Causa_1925,60,3.37,0.47,Média
Causa_1926,45,3.33,0.74,Baixa
Causa_1927,37,3.98,1.2,Média
Causa_1928,48,3.73,1.05,Média
Causa_1929,55,2.91,1.35,Média
Causa_1930,59,3.59,1.12,Média
Causa_1931,43,3.84,0.71,Alta
Causa_1932,52,4.26,0.76,Média
Causa_1933,47,3.94,1.03,Alta
Causa_1934,49,3.88,0.31,Média
Causa_1935,63,3.53,1.5,Média
Causa_1936,42,3.69,1.13,Média
Causa_1937,51,4.12,1.37,Média
Causa_1938,52,2.83,0.53,Alta
Causa_1939,55,3.33,1.37,Alta
Causa_1940,50,3.11,1.67,Alta
Causa_1941,51,3.69,0.6,Média
Causa_1942,48,4.12,1.23,Baixa
Causa_1943,51,3.2,1.0,Alta
Causa_1944,48,2.3,0.54,Baixa
Causa_1945,53,3.29,1.15,Média
Causa_1946,48,3.96,1.25,Média
Causa_1947,51,3.77,0.82,Média
Causa_1948,49,3.71,1.35,Baixa
Causa_1949,55,3.36,0.5,Alta
Causa_1950,49,2.86,0.55,Média
Causa_1951,41,3.76,1.04,Média
Causa_1952,56,3.08,1.01,Média
Causa_1953,45,4.59,0.79,Baixa
Causa_1954,46,3.79,1.24,Alta
Causa_1955,47,3.21,1.16,Média
Causa_1956,56,3.19,1.26,Média
Causa_1957,39,3.45,0.96,Média
Causa_1958,65,3.38,1.18,Média
Causa_1959,55,4.06,0.87,Média
Causa_1960,51,3.59,1.62,Baixa
Causa_1961,49,3.13,0.76,Média
Causa_1962,51,4.45,1.63,Baixa
Causa_1963,52,3.52,1.01,Média
Causa_1964,53,3.88,0.59,Alta
Causa_1965,52,3.2,1.41,Alta
Causa_1966,50,3.68,1.04,Alta
Causa_1967,49,3.66,1.26,Média
Causa_1968,49,2.56,1.37,Média
Causa_1969,49,4.51,1.1,Média
Causa_1970,55,4.15,0.82,Média
Causa_1971,52,3.3,1.29,Alta
Causa_1972,35,2.95,1.0,Alta
Causa_1973,53,3.67,1.21,Alta
Causa_1974,50,3.54,0.35,Média
Causa_1975,49,3.68,1.13,Alta
Causa_1976,48,3.6,0.81,Alta
Causa_1977,55,3.75,1.5,Baixa
Causa_1978,54,4.22,1.19,Baixa
Causa_1979,46,3.78,1.07,Alta
Causa_1980,52,2.98,1.15,Média
Causa_1981,45,4.18,0.7,Média
Causa_1982,43,4.32,1.49,Média
Causa_1983,46,5.08,1.6,Média
Causa_1984,54,2.94,1.12,Alta
Causa_1985,54,3.62,1.48,Média
Causa_1986,52,2.46,0.83,Média
Causa_1987,53,3.78,0.76,Alta
Causa_1988,52,3.23,1.01,Média
Causa_1989,46,4.46,1.13,Média
Causa_1990,52,3.11,0.88,Média
Causa_1991,54,2.66,1.16,Alta
Causa_1992,53,3.26,1.09,Média
Causa_1993,55,2.51,0.7,Alta
Causa_1994,53,3.88,1.16,Média
Causa_1995,51,2.47,1.26,Alta
Causa_1996,55,3.51,1.05,Alta
Causa_1997,49,2.46,1.35,Média
Causa_1998,45,3.34,0.63,Média
Causa_1999,49,4.32,1.14,Baixa
Causa_2000,46,3.68,0.65,Média
